{
  "standard_vpr": {
    "n_traversals": 1,
    "n_total_queries": 65992,
    "avg_recall": {
      "R@1": 0.3622105709783004,
      "R@5": 0.5630076372893684,
      "R@10": 0.6474269608437386,
      "R@20": 0.7294217480906776
    },
    "avg_mle": {
      "mean_m": 614.483169336286,
      "median_m": 81.90027464553398,
      "std_m": 818.1441005992888,
      "min_m": 0.023127115719277586,
      "max_m": 2742.486530271036,
      "p90_m": 1985.447321494425,
      "p95_m": 2169.7576880844376
    }
  },
  "forecasting_vpr": {
    "n_traversals": 1,
    "n_total_queries": 65992,
    "avg_recall": {
      "R@1": 0.4120044853921688,
      "R@5": 0.6346678385258819,
      "R@10": 0.715677657897927,
      "R@20": 0.7887016608073706
    },
    "avg_mle": {
      "mean_m": 526.8148172877226,
      "median_m": 59.103804697595905,
      "std_m": 783.2927112721004,
      "min_m": 0.028581713993752665,
      "max_m": 2741.4410429592344,
      "p90_m": 1858.2408338584855,
      "p95_m": 2143.6345537829757
    }
  },
  "evaluation_time_s": 425.72040009498596,
  "device": "cuda",
  "checkpoint": "checkpoints/transformer_frozen_best.pt",
  "threshold_m": 25.0,
  "dropout_sweep": {
    "5": {
      "n_trials": 5,
      "mean_error_m": 352.84451681722095,
      "std_error_m": 470.9774423063543,
      "median_error_m": 54.19038817184082,
      "max_error_m": 2143.622072285214,
      "recall_at_25m": 0.27999999999999997,
      "recall_at_25m_std": 0.3709447398198282
    },
    "10": {
      "n_trials": 5,
      "mean_error_m": 316.7591237032694,
      "std_error_m": 370.93067401068345,
      "median_error_m": 45.907887432115665,
      "max_error_m": 1610.517214761341,
      "recall_at_25m": 0.28,
      "recall_at_25m_std": 0.3655133376499413
    },
    "15": {
      "n_trials": 5,
      "mean_error_m": 435.95468426965783,
      "std_error_m": 507.02660824664673,
      "median_error_m": 210.50684191604492,
      "max_error_m": 1969.1843215145775,
      "recall_at_25m": 0.42666666666666664,
      "recall_at_25m_std": 0.35925849560819945
    },
    "20": {
      "n_trials": 5,
      "mean_error_m": 619.2299140889523,
      "std_error_m": 537.4625632519542,
      "median_error_m": 471.3523983506344,
      "max_error_m": 1708.8402227087172,
      "recall_at_25m": 0.19,
      "recall_at_25m_std": 0.38
    }
  }
}